<?xml version="1.0" encoding="UTF-8"?>
<metadata>
  <groupId>org.springframework.cloud</groupId>
  <artifactId>spring-cloud-aws-dependencies</artifactId>
  <version>1.2.0.BUILD-SNAPSHOT</version>
  <versioning>
    <snapshot>
      <timestamp>20170222.070323</timestamp>
      <buildNumber>1441</buildNumber>
    </snapshot>
    <lastUpdated>20170222070323</lastUpdated>
    <snapshotVersions>
      <snapshotVersion>
        <extension>pom.asc</extension>
        <value>1.2.0.BUILD-20170222.070323-1441</value>
        <updated>20170222070323</updated>
      </snapshotVersion>
      <snapshotVersion>
        <extension>pom</extension>
        <value>1.2.0.BUILD-20170222.070323-1441</value>
        <updated>20170222070323</updated>
      </snapshotVersion>
    </snapshotVersions>
  </versioning>
</metadata>
