<?xml version="1.0" encoding="UTF-8"?>
<metadata>
  <groupId>org.springframework.cloud</groupId>
  <artifactId>spring-cloud-commons-parent</artifactId>
  <version>1.2.0.BUILD-SNAPSHOT</version>
  <versioning>
    <snapshot>
      <timestamp>20170222.085059</timestamp>
      <buildNumber>977</buildNumber>
    </snapshot>
    <lastUpdated>20170222085103</lastUpdated>
    <snapshotVersions>
      <snapshotVersion>
        <extension>pom.asc</extension>
        <value>1.2.0.BUILD-20170222.085059-977</value>
        <updated>20170222085059</updated>
      </snapshotVersion>
      <snapshotVersion>
        <classifier>javadoc</classifier>
        <extension>jar</extension>
        <value>1.2.0.BUILD-20170222.085059-977</value>
        <updated>20170222085059</updated>
      </snapshotVersion>
      <snapshotVersion>
        <classifier>tests</classifier>
        <extension>jar</extension>
        <value>1.2.0.BUILD-20170222.085059-977</value>
        <updated>20170222085059</updated>
      </snapshotVersion>
      <snapshotVersion>
        <classifier>javadoc</classifier>
        <extension>jar.asc</extension>
        <value>1.2.0.BUILD-20170222.085059-977</value>
        <updated>20170222085059</updated>
      </snapshotVersion>
      <snapshotVersion>
        <extension>pom</extension>
        <value>1.2.0.BUILD-20170222.085059-977</value>
        <updated>20170222085059</updated>
      </snapshotVersion>
      <snapshotVersion>
        <classifier>tests</classifier>
        <extension>jar.asc</extension>
        <value>1.2.0.BUILD-20170222.085059-977</value>
        <updated>20170222085059</updated>
      </snapshotVersion>
    </snapshotVersions>
  </versioning>
</metadata>
