<?xml version="1.0" encoding="UTF-8"?>
<metadata>
  <groupId>org.springframework.cloud</groupId>
  <artifactId>spring-cloud-cloudfoundry-dependencies</artifactId>
  <version>1.1.0.BUILD-SNAPSHOT</version>
  <versioning>
    <snapshot>
      <timestamp>20170222.095401</timestamp>
      <buildNumber>262</buildNumber>
    </snapshot>
    <lastUpdated>20170222095401</lastUpdated>
    <snapshotVersions>
      <snapshotVersion>
        <extension>pom.asc</extension>
        <value>1.1.0.BUILD-20170222.095401-262</value>
        <updated>20170222095401</updated>
      </snapshotVersion>
      <snapshotVersion>
        <extension>pom</extension>
        <value>1.1.0.BUILD-20170222.095401-262</value>
        <updated>20170222095401</updated>
      </snapshotVersion>
    </snapshotVersions>
  </versioning>
</metadata>
