<?xml version="1.0" encoding="UTF-8"?>
<metadata>
  <groupId>org.springframework.cloud</groupId>
  <artifactId>spring-cloud-stream-dependencies</artifactId>
  <version>Chelsea.BUILD-SNAPSHOT</version>
  <versioning>
    <snapshot>
      <timestamp>20170221.221649</timestamp>
      <buildNumber>12</buildNumber>
    </snapshot>
    <lastUpdated>20170221221839</lastUpdated>
    <snapshotVersions>
      <snapshotVersion>
        <extension>pom.asc</extension>
        <value>Chelsea.BUILD-20170221.221649-12</value>
        <updated>20170221221649</updated>
      </snapshotVersion>
      <snapshotVersion>
        <extension>pom</extension>
        <value>Chelsea.BUILD-20170221.221649-12</value>
        <updated>20170221221649</updated>
      </snapshotVersion>
    </snapshotVersions>
  </versioning>
</metadata>
