<?xml version="1.0" encoding="UTF-8"?>
<metadata>
  <groupId>org.springframework.boot</groupId>
  <artifactId>spring-boot-dependencies</artifactId>
  <version>1.5.1.BUILD-SNAPSHOT</version>
  <versioning>
    <snapshot>
      <timestamp>20170130.131742</timestamp>
      <buildNumber>4</buildNumber>
    </snapshot>
    <lastUpdated>20170130140343</lastUpdated>
    <snapshotVersions>
      <snapshotVersion>
        <extension>pom.asc</extension>
        <value>1.5.1.BUILD-20170130.131742-4</value>
        <updated>20170130131742</updated>
      </snapshotVersion>
      <snapshotVersion>
        <extension>pom</extension>
        <value>1.5.1.BUILD-20170130.131742-4</value>
        <updated>20170130131742</updated>
      </snapshotVersion>
    </snapshotVersions>
  </versioning>
</metadata>
