<?xml version="1.0" encoding="UTF-8"?>
<metadata>
  <groupId>org.springframework.cloud</groupId>
  <artifactId>spring-cloud-dependencies</artifactId>
  <version>Dalston.BUILD-SNAPSHOT</version>
  <versioning>
    <snapshot>
      <timestamp>20170222.081036</timestamp>
      <buildNumber>885</buildNumber>
    </snapshot>
    <lastUpdated>20170222081037</lastUpdated>
    <snapshotVersions>
      <snapshotVersion>
        <extension>pom.asc</extension>
        <value>Dalston.BUILD-20170222.081036-885</value>
        <updated>20170222081036</updated>
      </snapshotVersion>
      <snapshotVersion>
        <extension>pom</extension>
        <value>Dalston.BUILD-20170222.081036-885</value>
        <updated>20170222081036</updated>
      </snapshotVersion>
    </snapshotVersions>
  </versioning>
</metadata>
