<?xml version="1.0" encoding="UTF-8"?>
<metadata>
  <groupId>org.springframework.cloud</groupId>
  <artifactId>spring-cloud-zookeeper-dependencies</artifactId>
  <version>1.1.0.BUILD-SNAPSHOT</version>
  <versioning>
    <snapshot>
      <timestamp>20170222.092124</timestamp>
      <buildNumber>635</buildNumber>
    </snapshot>
    <lastUpdated>20170222092124</lastUpdated>
    <snapshotVersions>
      <snapshotVersion>
        <extension>pom.asc</extension>
        <value>1.1.0.BUILD-20170222.092124-635</value>
        <updated>20170222092124</updated>
      </snapshotVersion>
      <snapshotVersion>
        <extension>pom</extension>
        <value>1.1.0.BUILD-20170222.092124-635</value>
        <updated>20170222092124</updated>
      </snapshotVersion>
    </snapshotVersions>
  </versioning>
</metadata>
