<?xml version="1.0" encoding="UTF-8"?>
<metadata>
  <groupId>org.springframework.cloud</groupId>
  <artifactId>spring-cloud-netflix-dependencies</artifactId>
  <version>1.3.0.BUILD-SNAPSHOT</version>
  <versioning>
    <snapshot>
      <timestamp>20170222.080055</timestamp>
      <buildNumber>1019</buildNumber>
    </snapshot>
    <lastUpdated>20170222080056</lastUpdated>
    <snapshotVersions>
      <snapshotVersion>
        <extension>pom.asc</extension>
        <value>1.3.0.BUILD-20170222.080055-1019</value>
        <updated>20170222080055</updated>
      </snapshotVersion>
      <snapshotVersion>
        <extension>pom</extension>
        <value>1.3.0.BUILD-20170222.080055-1019</value>
        <updated>20170222080055</updated>
      </snapshotVersion>
    </snapshotVersions>
  </versioning>
</metadata>
